cfg_id,seed,num_leaves,learning_rate,f1_val,pr_auc,n_tree,fit_s,params
0,0,32,0.1,0.01375398298259743,0.006465641767255104,10,5.1,"{""num_leaves"": 32, ""learning_rate"": 0.1, ""n_estimators"": 1000, ""reg_lambda"": 1.0, ""reg_alpha"": 1.8, ""scale_pos_weight"": 835.4312267657992, ""max_bin"": 63, ""n_jobs"": -1, ""verbose"": -1}"
0,1,32,0.1,0.048299968223705116,0.021641936725970156,9,2.1,"{""num_leaves"": 32, ""learning_rate"": 0.1, ""n_estimators"": 1000, ""reg_lambda"": 1.0, ""reg_alpha"": 1.8, ""scale_pos_weight"": 835.4312267657992, ""max_bin"": 63, ""n_jobs"": -1, ""verbose"": -1}"
0,2,32,0.1,0.03267635779898332,0.014807282396091085,3,1.9,"{""num_leaves"": 32, ""learning_rate"": 0.1, ""n_estimators"": 1000, ""reg_lambda"": 1.0, ""reg_alpha"": 1.8, ""scale_pos_weight"": 835.4312267657992, ""max_bin"": 63, ""n_jobs"": -1, ""verbose"": -1}"
1,0,32,0.018,0.4865174985656913,0.3619519255269755,4,2.1,"{""num_leaves"": 32, ""learning_rate"": 0.018, ""n_estimators"": 1000, ""reg_lambda"": 1.0, ""reg_alpha"": 1.8, ""scale_pos_weight"": 835.4312267657992, ""max_bin"": 63, ""n_jobs"": -1, ""verbose"": -1}"
1,1,32,0.018,0.41657579062159217,0.30413409103884625,6,2.0,"{""num_leaves"": 32, ""learning_rate"": 0.018, ""n_estimators"": 1000, ""reg_lambda"": 1.0, ""reg_alpha"": 1.8, ""scale_pos_weight"": 835.4312267657992, ""max_bin"": 63, ""n_jobs"": -1, ""verbose"": -1}"
1,2,32,0.018,0.5385500575373993,0.4626089596418571,306,11.0,"{""num_leaves"": 32, ""learning_rate"": 0.018, ""n_estimators"": 1000, ""reg_lambda"": 1.0, ""reg_alpha"": 1.8, ""scale_pos_weight"": 835.4312267657992, ""max_bin"": 63, ""n_jobs"": -1, ""verbose"": -1}"
2,0,32,0.0032,0.5249849488260084,0.3985007109359596,84,3.7,"{""num_leaves"": 32, ""learning_rate"": 0.0032, ""n_estimators"": 1000, ""reg_lambda"": 1.0, ""reg_alpha"": 1.8, ""scale_pos_weight"": 835.4312267657992, ""max_bin"": 63, ""n_jobs"": -1, ""verbose"": -1}"
2,1,32,0.0032,0.543859649122807,0.4025431907856165,117,4.2,"{""num_leaves"": 32, ""learning_rate"": 0.0032, ""n_estimators"": 1000, ""reg_lambda"": 1.0, ""reg_alpha"": 1.8, ""scale_pos_weight"": 835.4312267657992, ""max_bin"": 63, ""n_jobs"": -1, ""verbose"": -1}"
2,2,32,0.0032,0.5440747227086982,0.3971658213149493,97,3.8,"{""num_leaves"": 32, ""learning_rate"": 0.0032, ""n_estimators"": 1000, ""reg_lambda"": 1.0, ""reg_alpha"": 1.8, ""scale_pos_weight"": 835.4312267657992, ""max_bin"": 63, ""n_jobs"": -1, ""verbose"": -1}"
3,0,256,0.1,0.04299846804974944,0.01809199453835693,40,5.2,"{""num_leaves"": 256, ""learning_rate"": 0.1, ""n_estimators"": 1000, ""reg_lambda"": 1.0, ""reg_alpha"": 1.8, ""scale_pos_weight"": 835.4312267657992, ""max_bin"": 63, ""n_jobs"": -1, ""verbose"": -1}"
3,1,256,0.1,0.05072845844318024,0.02244576017110828,26,3.3,"{""num_leaves"": 256, ""learning_rate"": 0.1, ""n_estimators"": 1000, ""reg_lambda"": 1.0, ""reg_alpha"": 1.8, ""scale_pos_weight"": 835.4312267657992, ""max_bin"": 63, ""n_jobs"": -1, ""verbose"": -1}"
3,2,256,0.1,0.04584770761461927,0.020345528243978152,11,2.6,"{""num_leaves"": 256, ""learning_rate"": 0.1, ""n_estimators"": 1000, ""reg_lambda"": 1.0, ""reg_alpha"": 1.8, ""scale_pos_weight"": 835.4312267657992, ""max_bin"": 63, ""n_jobs"": -1, ""verbose"": -1}"
4,0,256,0.018,0.579108124618204,0.4948298007313244,108,7.6,"{""num_leaves"": 256, ""learning_rate"": 0.018, ""n_estimators"": 1000, ""reg_lambda"": 1.0, ""reg_alpha"": 1.8, ""scale_pos_weight"": 835.4312267657992, ""max_bin"": 63, ""n_jobs"": -1, ""verbose"": -1}"
4,1,256,0.018,0.5672514619883041,0.48929694392568074,144,10.3,"{""num_leaves"": 256, ""learning_rate"": 0.018, ""n_estimators"": 1000, ""reg_lambda"": 1.0, ""reg_alpha"": 1.8, ""scale_pos_weight"": 835.4312267657992, ""max_bin"": 63, ""n_jobs"": -1, ""verbose"": -1}"
4,2,256,0.018,0.6174575278265964,0.5713618349792061,564,33.6,"{""num_leaves"": 256, ""learning_rate"": 0.018, ""n_estimators"": 1000, ""reg_lambda"": 1.0, ""reg_alpha"": 1.8, ""scale_pos_weight"": 835.4312267657992, ""max_bin"": 63, ""n_jobs"": -1, ""verbose"": -1}"
5,0,256,0.0032,0.5441340782122905,0.3858988115775462,74,4.1,"{""num_leaves"": 256, ""learning_rate"": 0.0032, ""n_estimators"": 1000, ""reg_lambda"": 1.0, ""reg_alpha"": 1.8, ""scale_pos_weight"": 835.4312267657992, ""max_bin"": 63, ""n_jobs"": -1, ""verbose"": -1}"
5,1,256,0.0032,0.5388724035608309,0.4276023255140312,34,2.8,"{""num_leaves"": 256, ""learning_rate"": 0.0032, ""n_estimators"": 1000, ""reg_lambda"": 1.0, ""reg_alpha"": 1.8, ""scale_pos_weight"": 835.4312267657992, ""max_bin"": 63, ""n_jobs"": -1, ""verbose"": -1}"
5,2,256,0.0032,0.5463071512309496,0.44442546555601586,112,5.2,"{""num_leaves"": 256, ""learning_rate"": 0.0032, ""n_estimators"": 1000, ""reg_lambda"": 1.0, ""reg_alpha"": 1.8, ""scale_pos_weight"": 835.4312267657992, ""max_bin"": 63, ""n_jobs"": -1, ""verbose"": -1}"
6,0,2048,0.1,0.07418502202643172,0.03151740010018735,60,8.7,"{""num_leaves"": 2048, ""learning_rate"": 0.1, ""n_estimators"": 1000, ""reg_lambda"": 1.0, ""reg_alpha"": 1.8, ""scale_pos_weight"": 835.4312267657992, ""max_bin"": 63, ""n_jobs"": -1, ""verbose"": -1}"
6,1,2048,0.1,0.05212091056101505,0.021291531229180823,51,8.1,"{""num_leaves"": 2048, ""learning_rate"": 0.1, ""n_estimators"": 1000, ""reg_lambda"": 1.0, ""reg_alpha"": 1.8, ""scale_pos_weight"": 835.4312267657992, ""max_bin"": 63, ""n_jobs"": -1, ""verbose"": -1}"
6,2,2048,0.1,0.0675762017514188,0.02969310827903774,20,5.3,"{""num_leaves"": 2048, ""learning_rate"": 0.1, ""n_estimators"": 1000, ""reg_lambda"": 1.0, ""reg_alpha"": 1.8, ""scale_pos_weight"": 835.4312267657992, ""max_bin"": 63, ""n_jobs"": -1, ""verbose"": -1}"
7,0,2048,0.018,0.5693950177935944,0.4621423498146492,37,7.5,"{""num_leaves"": 2048, ""learning_rate"": 0.018, ""n_estimators"": 1000, ""reg_lambda"": 1.0, ""reg_alpha"": 1.8, ""scale_pos_weight"": 835.4312267657992, ""max_bin"": 63, ""n_jobs"": -1, ""verbose"": -1}"
7,1,2048,0.018,0.5661721068249258,0.47748654624563647,34,6.6,"{""num_leaves"": 2048, ""learning_rate"": 0.018, ""n_estimators"": 1000, ""reg_lambda"": 1.0, ""reg_alpha"": 1.8, ""scale_pos_weight"": 835.4312267657992, ""max_bin"": 63, ""n_jobs"": -1, ""verbose"": -1}"
7,2,2048,0.018,0.6150121065375302,0.5715966050724209,898,56.5,"{""num_leaves"": 2048, ""learning_rate"": 0.018, ""n_estimators"": 1000, ""reg_lambda"": 1.0, ""reg_alpha"": 1.8, ""scale_pos_weight"": 835.4312267657992, ""max_bin"": 63, ""n_jobs"": -1, ""verbose"": -1}"
8,0,2048,0.0032,0.5441340782122905,0.3858988115775462,74,4.1,"{""num_leaves"": 2048, ""learning_rate"": 0.0032, ""n_estimators"": 1000, ""reg_lambda"": 1.0, ""reg_alpha"": 1.8, ""scale_pos_weight"": 835.4312267657992, ""max_bin"": 63, ""n_jobs"": -1, ""verbose"": -1}"
8,1,2048,0.0032,0.5388724035608309,0.4276023255140312,34,2.7,"{""num_leaves"": 2048, ""learning_rate"": 0.0032, ""n_estimators"": 1000, ""reg_lambda"": 1.0, ""reg_alpha"": 1.8, ""scale_pos_weight"": 835.4312267657992, ""max_bin"": 63, ""n_jobs"": -1, ""verbose"": -1}"
8,2,2048,0.0032,0.5463071512309496,0.44442546555601586,112,5.2,"{""num_leaves"": 2048, ""learning_rate"": 0.0032, ""n_estimators"": 1000, ""reg_lambda"": 1.0, ""reg_alpha"": 1.8, ""scale_pos_weight"": 835.4312267657992, ""max_bin"": 63, ""n_jobs"": -1, ""verbose"": -1}"
